Munchkin,https://cdn2.thecatapi.com/images/cyel25FXN.jpg
Munchkin,https://cdn2.thecatapi.com/images/njaF1fyqI.jpg
Munchkin,https://cdn2.thecatapi.com/images/a1g4Ycw-z.jpg
Munchkin,https://cdn2.thecatapi.com/images/cAEw7R6pi.jpg
Munchkin,https://cdn2.thecatapi.com/images/G0JPLrMFg.jpg
Munchkin,https://cdn2.thecatapi.com/images/wMndw0twO.jpg
Munchkin,https://cdn2.thecatapi.com/images/GAMgbdB4H.jpg
Munchkin,https://cdn2.thecatapi.com/images/pzIURJPra.jpg
Munchkin,https://cdn2.thecatapi.com/images/OjnSd2N2p.jpg
Munchkin,https://cdn2.thecatapi.com/images/W3fUcHI8z.jpg
